SearchString,SKU,Site,UseOn,AvoidOn
Black Oxide Aircraft Extension Drill Bit,fast generic 62,fast generic,ALL,GWW
Coil Spring Temper Carbon Steel Wire (Piano Wire),fast generic 37,fast generic,ALL,GWW
Laminated Hard Maple Bench,fast generic 18,fast generic,ALL,GWW
Nylon DOT Airbrake Tubing,fast generic 77,fast generic,ALL,GWW
Plain Finish Low Carbon Fully Threaded Stud,fast generic 61,fast generic,ALL,GWW
Plain Finish NE Steel Nylon Insert Lock Nut,fast generic 95,fast generic,ALL,GWW
Steel Thread Cutting Screw,fast generic 4,fast generic,ALL,GWW
Time Delay Power Fuse,fast generic 33,fast generic,ALL,GWW
Zinc Finish Medium Split Lock Washer,fast generic 72,fast generic,ALL,GWW
"0"" 1"" Range 0.05"", 0.025""Grad Carbide Friction Digital Outside Micrometer",fast76,fast,ALL,GWW
"0.04"" x 0.1200"" x 1 1/2"" Carbide 30 Helix 4 Flute Bright Finish Single End Square Center Cut End Mill",fast40,fast,ALL,GWW
"1 3/64"" HSS 118 Black Oxide Chicago Latrobe Silver & Deming Drill Bit",fast82,fast,ALL,GWW
"1/16"" HSS 118 Bright Finish Jobber Drill",fast17,fast,ALL,GWW
"1/2"" 2""Rgd 1/2"" 1 1/4""IMC 555Classic Elec Bender W/ShoeGroup",fast10,fast,ALL,GWW
"1/2"" Pipe Zinc Plated Anti Vibration Cush A Clamp",fast43,fast,ALL,GWW
"1/4"" 20 x 1/2"" Hex Unslotted Indented Hex Head Zinc Finish Steel External Tooth Washer SEMS Machine Screw",fast45,fast,ALL,GWW
"1/4"" 28 x 3/8"" ASTM F835 Hex Drive Black Oxide Finish Alloy Steel Button Socket Cap Screw HoloKrome USA",fast52,fast,ALL,GWW
"1/4"" 28 x 8"" Grade 5 Plain Finish Hex Cap Screw",fast63,fast,ALL,GWW
"1/4"" Dia .501 .625"" Grip Range AB8 10A Aluminum Rivet",fast80,fast,ALL,GWW
"11/32"" x 6"" OAL HSS 135 Split Point Gold Finish Extra Length Drill",fast42,fast,ALL,GWW
"2 1/2"" Galvanized Steel Rigid / IMC Coupling",fast1,fast,ALL,GWW
"2"" Male NPT x 1 1/2"" Female NPT Steel Bushing",fast86,fast,ALL,GWW
"24""W Black/Blue Plastic 3 Piece Handle Sweep Complete Broom w/Squeegee",fast78,fast,ALL,GWW
"3/8"" x 3 1/4"" Zinc Finish Clevis Pin",fast3,fast,ALL,GWW
"36""W x 24""D x 44"" Gray Steel 1200lb Capacity 6 Drawer NJ Urethane Caster Mobile Cabinet",fast20,fast,ALL,GWW
"36""W x 9 1/2""D x 1 1/4""H 12lb Wt Laminated Hard Maple Bench",fast18,fast,ALL,GWW
"4"" x 0.375"" x 5/8"", 7/8"" Wet/Dry Cut Tuck Point Diamond Saw Blade",fast73,fast,ALL,GWW
"4"" x 15/16"" Swivel Delrin Brng PU Gray/Gray Wheel 3/8"" 16 x 1 1/2"" Threaded Stem ECLIPSE Caster w/TrdLocBrk",fast36,fast,ALL,GWW
"4"" x 2"" Rigid Roller Bearing Polyurethane on Aluminum Wheel Stainless Steel 120 Series Contender Kingpinless Caster",fast14,fast,ALL,GWW
"5/8"" 5 x 3 1/2"" Grade A Zinc Finish Hex Head Lag Screw",fast99,fast,ALL,GWW
"8"" x 3"" Swivel Precision Tapered Roller Bearing Cast Iron Wheel Steel Advanced Duty Caster",fast100,fast,ALL,GWW
00MJ238,TECD23,tecd,ALL,GWW
1 HP Electric Meat Grinder,Bunzl653,Bunzl,ALL,GWW
1000225,NSIT02,nsit,ALL,GWW
12 Mil. Ambidextrous Latex Rubber Gloves,Bunzl106,Bunzl,ALL,GWW
15454 M CBL L IND,TECD04,tecd,ALL,GWW
16406,NSIT01,nsit,ALL,GWW
19269 M0008,NSIT12,nsit,ALL,GWW
3M 0004801192928692928,msm381,MSM,ALL,GWW
4010543 E5,NSIT22,nsit,ALL,GWW
4031738 E6,NSIT03,nsit,ALL,GWW
50232,NSIT14,nsit,ALL,GWW
6 Drawer NJ Urethane Caster Mobile Cabinet,fast generic 20,fast generic,ALL,GWW
65UX340C,NSIT04,nsit,ALL,GWW
7.00mm x 68mm OAL Carbide 140 TiAlN Finish Straight Flute Drill,fast71,fast,ALL,GWW
7SD7A05722,NSIT25,nsit,ALL,GWW
840397 B21?LA,TECD21,tecd,ALL,GWW
A25641128,sku953,Zoro,ALL,GWW
A8E64AAE,NSIT09,nsit,ALL,GWW
ACP EP Memory ADD SC LC 2M6MMF,CNXN19,cnxn,ALL,GWW
ACP EP Memory SFP SX AU AO,CNXN18,cnxn,ALL,GWW
AUDIOCODES MSWSBC/L REMT IMPL,CDW21,cdw,ALL,GWW
Adobe 47060202AE01A00,CDW07,cdw,ALL,GWW
Adobe 65270367BC04A12 36,CDW09,cdw,ALL,GWW
Adobe 65270553BA03A12 13,CDW20,cdw,ALL,GWW
Advanced Solar Powered Portion Control Stainless...,Bunzl424,Bunzl,ALL,GWW
Advantus 83700,PCMI06,pcmi,ALL,GWW
Alemite 6304 B,msm4,MSM,ALL,GWW
Alpet E3 Waterless Hand Sanitizer,Bunzl001,Bunzl,ALL,GWW
Ansell 29 Mil. Latex Rubber Gloves,Bunzl055,Bunzl,ALL,GWW
Apple Z0TD 1.3 8256RGLD OB,PCMI01,pcmi,ALL,GWW
Apple MQ052LL/A,CNXN10,cnxn,ALL,GWW
Armstrong null,hdss459,hdss,ALL,GWW
Asus PCE AC55BTB1,CNXN25,cnxn,ALL,GWW
Avaya AH2735012 3.1,CDW14,cdw,ALL,GWW
Axiom 44V2029 AX,CNXN13,cnxn,ALL,GWW
Axiom AXD PE50072SG,CNXN12,cnxn,ALL,GWW
Axiom EW3F0000235 AX,CNXN06,cnxn,ALL,GWW
Axiom IBMSSDT400A AXA,CNXN22,cnxn,ALL,GWW
Axiom Memory 10GSFPPUSR8E AX,PCMI03,pcmi,ALL,GWW
Axiom Memory AXG94361,PCMI21,pcmi,ALL,GWW
Axiom Memory I210T1 AX,PCMI22,pcmi,ALL,GWW
B4U39AT TRI,NSIT15,nsit,ALL,GWW
BD365A,TECD09,tecd,ALL,GWW
BD534AAE,TECD15,tecd,ALL,GWW
BECK 330043407,sku1472,Zoro,ALL,GWW
BL544AR,NSIT07,nsit,ALL,GWW
BLACK DECKER CS1216,sku1670,Zoro,ALL,GWW
BOSTITCH 103761,sku2176,Zoro,ALL,GWW
BRADY B33 113 427,sku5139,Zoro,ALL,GWW
BRTHL3180CDW,esnd814,esnd,ALL,GWW
BRTMX4000,esnd139,esnd,ALL,GWW
BRTTC20Z1,esnd401,esnd,ALL,GWW
BSXC187236L,esnd616,esnd,ALL,GWW
BX1100U LM?LA,TECD25,tecd,ALL,GWW
Belkin B2B124,CNXN15,cnxn,ALL,GWW
BenQ GSR,PCMI14,pcmi,ALL,GWW
Black Box C5EPC70S GN 02,CNXN14,cnxn,ALL,GWW
Black Box C6APC80S RD 10,CNXN24,cnxn,ALL,GWW
Black Box CAT5EPC B 005 BK,CNXN01,cnxn,ALL,GWW
Black Box Corporation JPM407A R5,PCMI09,pcmi,ALL,GWW
Black EVNSL54 0015,CDW13,cdw,ALL,GWW
Black FOSM 001M LCLC,CDW02,cdw,ALL,GWW
Bosch 15280,sku10391,AZO,ALL,GWW
Brennan N2404 16 12 SS,msm130,MSM,ALL,GWW
Bright Finish Jobber Drill,fast generic 70,fast generic,ALL,GWW
Brine Tester,Bunzl625,Bunzl,ALL,GWW
Brite Stainless Steel Polish Aerosol 16 oz.,Bunzl558,Bunzl,ALL,GWW
C2G 00938,PCMI24,pcmi,ALL,GWW
C2G 34967,PCMI16,pcmi,ALL,GWW
C2G 37939,PCMI20,pcmi,ALL,GWW
C5ENB G10 AX,TECD10,tecd,ALL,GWW
CA1350 VICTOR Superrange II Cutting Attachment,fast34,fast,ALL,GWW
CC640WL?LA,TECD08,tecd,ALL,GWW
CDC3320000514EA,esnd215,esnd,ALL,GWW
CF 33AFSLZVM,TECD07,tecd,ALL,GWW
CITRIX 3007020 EZ,CDW08,cdw,ALL,GWW
CLE LINE C18645,sku4065,Zoro,ALL,GWW
CON SAS 95298200,TECD11,tecd,ALL,GWW
CON SSSNP SMS 1,TECD12,tecd,ALL,GWW
CORTINA 03 500 66,sku2306,Zoro,ALL,GWW
CRD17601,esnd192,esnd,ALL,GWW
CROSBY 1037274,sku1467,Zoro,ALL,GWW
Carbide Finish Screw Machine Drill,fast generic 59,fast generic,ALL,GWW
Carbon Steel Plain Finish Taper Pin,fast generic 39,fast generic,ALL,GWW
Center Punch Preformed Hose Clamp,fast generic 48,fast generic,ALL,GWW
Champion 437908,hdss895,hdss,ALL,GWW
Champion null,hdss345,hdss,ALL,GWW
Compulocks 101W912SGEW,CNXN04,cnxn,ALL,GWW
Conair SHV1,PCMI04,pcmi,ALL,GWW
Coolant Thru 5xD HP Carbide Drill Bit,fast generic 60,fast generic,ALL,GWW
Covercraft C13690TS,sku10495,AZO,ALL,GWW
Cutler Hammer BR816L125RP,hdss357,hdss,ALL,GWW
DAYTON 7AK90,sku146,Zoro,ALL,GWW
DURPRCA5B1,esnd024,esnd,ALL,GWW
Dayco E72425,sku10243,AZO,ALL,GWW
Delphi DFG0008,sku10079,AZO,ALL,GWW
Design House 523514,hdss429,hdss,ALL,GWW
Dorman 38431,sku10865,AZO,ALL,GWW
Dorman 752 014,sku10914,AZO,ALL,GWW
Dorman 80863,sku10181,AZO,ALL,GWW
Dupli Color BTY1623,sku10098,AZO,ALL,GWW
Duracell MN14RT8Z,CDW17,cdw,ALL,GWW
Duralast 85045,sku10176,AZO,ALL,GWW
Duralast 88940,sku10666,AZO,ALL,GWW
Duralast DLG19406,sku10738,AZO,ALL,GWW
Duralast SU12403,sku10497,AZO,ALL,GWW
E Net SFC2 CISW 3M ENC,CNXN21,cnxn,ALL,GWW
EKL13609,esnd560,esnd,ALL,GWW
ELO Touch Solutions E222373,CNXN07,cnxn,ALL,GWW
ESXHDH40CLR,esnd203,esnd,ALL,GWW
ETP A 004999 USG3Y,NSIT17,nsit,ALL,GWW
Eco Products EP P016PK,PCMI19,pcmi,ALL,GWW
Everco 56779,sku10885,AZO,ALL,GWW
FAO5933,esnd864,esnd,ALL,GWW
FC 10 00202 114 02 1,NSIT19,nsit,ALL,GWW
FC10 00036 950 02 60,NSIT21,nsit,ALL,GWW
FOLLETT ICE PI500496,sku5600,Zoro,ALL,GWW
Fargo Electronics 45200,CNXN23,cnxn,ALL,GWW
Felpro 60536,sku10785,AZO,ALL,GWW
Forcepoint AEME B CP60 N,CDW10,cdw,ALL,GWW
Freezer Masking Tape,Bunzl587,Bunzl,ALL,GWW
Frigidaire FFEF3013LS,hdss734,hdss,ALL,GWW
Frigidaire null,hdss332,hdss,ALL,GWW
G Technology 0G03594,CNXN20,cnxn,ALL,GWW
Giesser Messer Breaking Knives,Bunzl135,Bunzl,ALL,GWW
Glaze Lemon Furniture Polish Aerosol 20 oz.,Bunzl531,Bunzl,ALL,GWW
Grade A Zinc Finish Hex Bolt,fast generic 81,fast generic,ALL,GWW
Greener Painter's Masking Tape,fast generic 50,fast generic,ALL,GWW
Grip Range AB8 10A Aluminum Rivet,fast generic 80,fast generic,ALL,GWW
H1DY5E?LA,TECD20,tecd,ALL,GWW
H1K91A5 WLC,TECD05,tecd,ALL,GWW
H2YE4E?LA,TECD02,tecd,ALL,GWW
H8B35A3 SD1,TECD14,tecd,ALL,GWW
H8B35A3 YQ4,TECD18,tecd,ALL,GWW
HAM103325CT,esnd537,esnd,ALL,GWW
HD Supply 893730,hdss223,hdss,ALL,GWW
HD Supply HD511420,hdss011,hdss,ALL,GWW
HD Supply null,hdss246,hdss,ALL,GWW
HON626CNL,esnd498,esnd,ALL,GWW
HPE P9L16A,CDW15,cdw,ALL,GWW
HPE U3BM3E,CDW05,cdw,ALL,GWW
HPE U3JG3E,CDW11,cdw,ALL,GWW
HPE U3XK9E,CDW23,cdw,ALL,GWW
HPE U4HH8E,CDW18,cdw,ALL,GWW
HSR A2AEC 1DUT0 C1S,TECD06,tecd,ALL,GWW
Hawk HK5078.662Z,sku10319,AZO,ALL,GWW
Heavyweight Knit Glove with Gold Wristband,Bunzl308,Bunzl,ALL,GWW
Hertel 733438169932,msm926,MSM,ALL,GWW
Hitachi GST 0J43103,PCMI25,pcmi,ALL,GWW
Hitachi TPS0001,sku10205,AZO,ALL,GWW
Hy Ko 23008,hdss253,hdss,ALL,GWW
Hypertech 121452,sku10880,AZO,ALL,GWW
I9 Series Gloss Black Frame/Silver Mirror Anti Scratch Lens Body Guard Safety Glasses,fast68,fast,ALL,GWW
Import 1740,msm85,MSM,ALL,GWW
Ingersoll Rand L5110,msm669,MSM,ALL,GWW
Insulated PVC Gloves,Bunzl301,Bunzl,ALL,GWW
Interstate 590,msm814,MSM,ALL,GWW
KVR16N11S6/2,TECD03,tecd,ALL,GWW
KYB 343159,sku10381,AZO,ALL,GWW
Kichler 300178MDW,hdss311,hdss,ALL,GWW
Kidde I2060,hdss620,hdss,ALL,GWW
Kingston D1G72KL110,PCMI05,pcmi,ALL,GWW
Kwikset 82734 001/2734 0,hdss104,hdss,ALL,GWW
LISTA HS0750 0505FA M/LG,sku5588,Zoro,ALL,GWW
LITGWZF1EI1RE3YRMI,NSIT13,nsit,ALL,GWW
Leggs Mesquite Marinade 142 10 oz. Bag,Bunzl425,Bunzl,ALL,GWW
Leggs Sage & Citrus Marinade 167 11.5 oz...,Bunzl418,Bunzl,ALL,GWW
Lenovo 20FB005SUS,CDW01,cdw,ALL,GWW
Lever Operated GSO Tape Dispenser,Bunzl576,Bunzl,ALL,GWW
Lexmark 40X5142,CDW03,cdw,ALL,GWW
MC Y CP03 N,NSIT08,nsit,ALL,GWW
MGE T CDR TWY SB 1CT,PCMI23,pcmi,ALL,GWW
MLNCA281S,esnd225,esnd,ALL,GWW
Made in USA 1899,msm621,MSM,ALL,GWW
Made in USA 2958,msm86,MSM,ALL,GWW
Made in USA 4080,msm958,MSM,ALL,GWW
Made in USA FJF214,msm547,MSM,ALL,GWW
Makita BHX2500CA,msm412,MSM,ALL,GWW
McAfee WFEYFM AA JA,CDW25,cdw,ALL,GWW
Microsoft WA5 00249,PCMI07,pcmi,ALL,GWW
Microsoft 126 00159 3,CDW16,cdw,ALL,GWW
Microsoft AAA 03874 CD5 3,CDW24,cdw,ALL,GWW
Milwaukee Tool 48 39 0531,msm137,MSM,ALL,GWW
Mitutoyo 572 213 10,msm780,MSM,ALL,GWW
NES35170BX,esnd620,esnd,ALL,GWW
NETPATIBLES 67Y1389 NPM,PCMI11,pcmi,ALL,GWW
NIBCO 5800 4,msm966,MSM,ALL,GWW
Narrow Cut Blade for OEM Cryovac,Bunzl170,Bunzl,ALL,GWW
Nifty 165348022,sku10507,AZO,ALL,GWW
Norton 4061,hdss037,hdss,ALL,GWW
ONS SC 10G ZR AO,TECD16,tecd,ALL,GWW
OSG 86332605510,msm998,MSM,ALL,GWW
Otter Products 77 54089,CNXN17,cnxn,ALL,GWW
P VASENT VS P0000 UD,NSIT11,nsit,ALL,GWW
PCTY6050H,esnd982,esnd,ALL,GWW
PLANO MOLDING 917 003,sku5867,Zoro,ALL,GWW
Panasonic TH 50BF1U,PCMI12,pcmi,ALL,GWW
Peachtree null,hdss078,hdss,ALL,GWW
Peachtree null,hdss081,hdss,ALL,GWW
Peachtree null,hdss465,hdss,ALL,GWW
Peachtree null,hdss650,hdss,ALL,GWW
Philips 10.5T8/36 3000 IF 10/1,hdss020,hdss,ALL,GWW
Phillips Drive Flat Head Stainless steel sheet metal screw,fast generic 38,fast generic,ALL,GWW
Pilot Corporation Of America 26063DZ,PCMI10,pcmi,ALL,GWW
Plain Finish 3 Prong Tee Nut,fast generic 65,fast generic,ALL,GWW
Precision Tapered Roller Metal Wheel,fast generic 47,fast generic,ALL,GWW
QUA41967,esnd739,esnd,ALL,GWW
QUA50560,esnd316,esnd,ALL,GWW
Quantum LSC33 CSE1 L6JA,PCMI08,pcmi,ALL,GWW
RCP295700GY,esnd425,esnd,ALL,GWW
RED23L119,esnd491,esnd,ALL,GWW
REMCO Colored Plastic Scrapers,Bunzl137,Bunzl,ALL,GWW
RFPC21845,esnd343,esnd,ALL,GWW
RKLCDBKT,TECD01,tecd,ALL,GWW
RPS16DC I,NSIT24,nsit,ALL,GWW
RULAND MANUFACTURING FSMR32 12 8 SS,sku4972,Zoro,ALL,GWW
Rare 19482,sku10693,AZO,ALL,GWW
Rare 20453,sku10216,AZO,ALL,GWW
Raritan Computer RUST LM304,PCMI18,pcmi,ALL,GWW
Rein BKN0088R,sku10345,AZO,ALL,GWW
Ricoh 408116,CDW19,cdw,ALL,GWW
Rubbermaid Food Storage Containers,Bunzl123,Bunzl,ALL,GWW
Rubbermaid Premier Small Capacity Storage...,Bunzl117,Bunzl,ALL,GWW
SAF3275BL,esnd520,esnd,ALL,GWW
SAN80078,esnd722,esnd,ALL,GWW
SANDVIK COROMANT C3 R825A AAB106A,sku5391,Zoro,ALL,GWW
SANDVIK COROMANT C4 391.14 16 070,sku4968,Zoro,ALL,GWW
SANDVIK COROMANT CXS 06G198 6215L 1025,sku3722,Zoro,ALL,GWW
SASCLTK406S,esnd893,esnd,ALL,GWW
SB 4140 0625 04 11,sku683,Zoro,ALL,GWW
SFEI0CNAA,NSIT10,nsit,ALL,GWW
SMC PNEUMATICS MXH20 50Z,msm786,MSM,ALL,GWW
SMD17434,esnd487,esnd,ALL,GWW
SPA 2X1GE SYNCE RF,TECD24,tecd,ALL,GWW
SPI 1852,msm700,MSM,ALL,GWW
SQUARE D 9007C66B1S22,sku5308,Zoro,ALL,GWW
ST1000VX003,NSIT05,nsit,ALL,GWW
STARRETT 98 4,sku4193,Zoro,ALL,GWW
Samsung EO BG925CSEGUS,CNXN16,cnxn,ALL,GWW
Samsung F HUB US 2,CDW04,cdw,ALL,GWW
Samsung XNV 6010,CNXN11,cnxn,ALL,GWW
Santech MT2276,sku10406,AZO,ALL,GWW
Shepherd 3254MW,hdss032,hdss,ALL,GWW
Shield Security 889165,hdss916,hdss,ALL,GWW
Smokesticks Bell Shaped Stainless Steel,Bunzl649,Bunzl,ALL,GWW
SolarWinds 3054,CDW12,cdw,ALL,GWW
Square D 9013FHG44J59M1X,msm164,MSM,ALL,GWW
Stainless Steel American Calibration Weight Set,Bunzl013,Bunzl,ALL,GWW
Stainless Steel Driver Stud,fast generic 19,fast generic,ALL,GWW
Stainless Steel Drum Dolly,Bunzl336,Bunzl,ALL,GWW
StarTech.com ST4300MINU3W,CNXN08,cnxn,ALL,GWW
StarTech.com USB2C5C4M,CNXN09,cnxn,ALL,GWW
Steel Precision Ground Flat Stock,fast generic 66,fast generic,ALL,GWW
Stud Non Insulated Brazed Seam Block Fork Terminal,fast generic 11,fast generic,ALL,GWW
Sumitomo 191R292VNMG332ENZ AC420K,msm355,MSM,ALL,GWW
Sumitomo 19DYWECVBMT332ESU AC700G,msm309,MSM,ALL,GWW
TOWNSTEEL FME 2030 RFID G 626,sku4949,Zoro,ALL,GWW
TPRN0030,NSIT20,nsit,ALL,GWW
TRIM LOK INC X113HT 25,sku5689,Zoro,ALL,GWW
TRIPP LITE W05 EW1 247,sku5616,Zoro,ALL,GWW
Telemecanique Sensors XCMD2525L1,msm857,MSM,ALL,GWW
ToteAll 2000 Imprinted Poly Boxes,Bunzl631,Bunzl,ALL,GWW
Tray Turnabout Truck,fast generic 46,fast generic,ALL,GWW
Tripp Lite APS2448UL,PCMI17,pcmi,ALL,GWW
Tripp Lite P005 002 AWH,CNXN03,cnxn,ALL,GWW
Tubular Elastic Bandage Roll,Bunzl509,Bunzl,ALL,GWW
U17244.025.0037,sku500,Zoro,ALL,GWW
U7VY9E,NSIT06,nsit,ALL,GWW
U8A74E,TECD17,tecd,ALL,GWW
Ubiquiti Networks AM V5G TI,PCMI13,pcmi,ALL,GWW
Ubiquiti Networks LBE 5AC 16 120 US,CNXN05,cnxn,ALL,GWW
Urban Armor Gear 10UNIVTAB BK,CNXN02,cnxn,ALL,GWW
V11H562020?LA,TECD19,tecd,ALL,GWW
V7CAT7FSTP 3M GRY 1N,NSIT16,nsit,ALL,GWW
VDX60 SVL 4P 3,NSIT23,nsit,ALL,GWW
VMware VF TCSE G TLSS T2C,CDW22,cdw,ALL,GWW
VNE TE7RWWCS6L2.0X1,msm464,MSM,ALL,GWW
VXI203365,esnd059,esnd,ALL,GWW
Von Duprin 98EO 4 32D,hdss456,hdss,ALL,GWW
WACOM CTH690TKCAN EDU,CDW06,cdw,ALL,GWW
WIEGMANN HS444NK,sku4312,Zoro,ALL,GWW
Watco 948700 PP BZ G 2P,hdss495,hdss,ALL,GWW
Wearwell 4141516X3X31BY4,msm725,MSM,ALL,GWW
WeatherTech 72710,sku10165,AZO,ALL,GWW
Welded Aluminum 18 Tote Dolly,Bunzl046,Bunzl,ALL,GWW
Westin 72 35494,sku10875,AZO,ALL,GWW
Wilton 14228403,msm588,MSM,ALL,GWW
XLERATOR 89S,hdss712,hdss,ALL,GWW
XR NC55 PK9 06.03,TECD22,tecd,ALL,GWW
XTRCMSSM M 02,NSIT18,nsit,ALL,GWW
ZGAMP3 BL0,TECD13,tecd,ALL,GWW
ZURN INDUSTRIES PERK6000 SCR,sku3772,Zoro,ALL,GWW
Zebra Technologies 02000CT11007,PCMI02,pcmi,ALL,GWW
Zebra Technologies 03200GS06407,PCMI15,pcmi,ALL,GWW
25C62KBC,,,GWW,
273-501250D,,,GWW,
49713,,,GWW,
860-1-1/2,,,GWW,
U01210.025.0200,,,GWW,
K3150-16,,,GWW,
48UP18,,,GWW,
6P787,,,GWW,
2012 X 1-1/2,,,GWW,
P15-009,,,GWW,
654-14+4YW,,,GWW,
5193-03,,,GWW,
87-224,,,GWW,
330043407,,,GWW,
CS1216,,,GWW,
CT4205,,,GWW,
117-5-02,,,GWW,
DWST08225,,,GWW,
MD-0015-GG,,,GWW,
16-1 F5OG-SS,,,GWW,
6NRL3,,,GWW,
16210,,,GWW,
0381G0418,,,GWW,
03-500-66,,,GWW,
1037274,,,GWW,
U04120.100.0001,,,GWW,
ER70S6-045-60C,,,GWW,
R4533.0,,,GWW,
!10250T1,,,GWW,
RF129,,,GWW,
MN14RT8Z,,,GWW,
E001296,,,GWW,
PI500496,,,GWW,
3KHJ4,,,GWW,
STI-SA5000-G,,,GWW,
R04401,,,GWW,
U01200.025.0100,,,GWW,
2090-36A-CP,,,GWW,
P023-001,,,GWW,
5JK52,,,GWW,
5XL70,,,GWW,
48-28-1040,,,GWW,
6410SC,,,GWW,
HS0750-0505FA-M/LG,,,GWW,
1899,,,GWW,
WS-25,,,GWW,
BHX2500CA,,,GWW,
572-213-10,,,GWW,
U607 3/4,,,GWW,
TH-50BF1U,,,GWW,
U55080.037.0001,,,GWW,
U51738.031.0001,,,GWW,
780514,,,GWW,
QUA41967,,,GWW,
QUA50560,,,GWW,
FSMR32-12-8-A,,,GWW,
FG631200CLR,,,GWW,
C3-R825A-AAB106A,,,GWW,
SB-4140-0625-04-11,,,GWW,
MXH20-60Z,,,GWW,
9007C66B1S22,,,GWW,
98-4,,,GWW,
SNB-6010,,,GWW,
P1900-31-USA,,,GWW,
9013FHG44J59M1X,,,GWW,
80850125,,,GWW,
45659,,,GWW,
DRUM-SS-55-H,,,GWW,
44905,,,GWW,
VBMA332-AC420K,,,GWW,
3062B3X1/16A-25,,,GWW,
RF30,,,GWW,
APS2448UL,,,GWW,
P005-18N,,,GWW,
U17244.025.0037,,,GWW,
4M209,,,GWW,
98EO 4 32D,,,GWW,
948700-PP-CP-G-3P,,,GWW,
89S,,,GWW,
M-FG-P9943-02,,,GWW,
PERK6000-SCR,,,GWW,
800084-914,,,GWW,
U37020.025.0001,,,GWW,
DAYTON+7AK90,,,GWW,
CROSBY+1037274,,,GWW,
BECK+330043407,,,GWW,
BLACK+DECKER+CS1216,,,GWW,
BOSTITCH+103761,,,GWW,
CORTINA+03-500+66,,,GWW,
SANDVIK+COROMANT+CXS-06G198-6215L+1025,,,GWW,
ZURN+INDUSTRIES+PERK6000+SCR,,,GWW,
CLE-LINE+C18645,,,GWW,
STARRETT+98+4,,,GWW,
WIEGMANN+HS444NK,,,GWW,
TOWNSTEEL+FME-2030-RFID-G+626,,,GWW,
SANDVIK+COROMANT+C4-391.14-16+070,,,GWW,
RULAND+MANUFACTURING+FSMR32-12-8+SS,,,GWW,
U17244.025+0037,,,GWW,
BRADY+B33-113+427,,,GWW,
SQUARE+D+9007C66B1S22,,,GWW,
SANDVIK+COROMANT+C3-R825A+AAB106A,,,GWW,
LISTA+HS0750-0505FA-M+LG,,,GWW,
FOLLETT+ICE+PI500496,,,GWW,
TRIPP+LITE+W05-EW1+247,,,GWW,
TRIM+LOK+INC+X113HT+25,,,GWW,
PLANO+MOLDING+917+003,,,GWW,
SB-4140-0625-04-11,,,GWW,
A25641128,,,GWW,
