String,SKU,Site
Black Oxide Aircraft Extension Drill Bit,fast generic 62,fast generic
Coil Spring Temper Carbon Steel Wire (Piano Wire),fast generic 37,fast generic
Laminated Hard Maple Bench,fast generic 18,fast generic
Nylon DOT Airbrake Tubing,fast generic 77,fast generic
Plain Finish Low Carbon Fully Threaded Stud,fast generic 61,fast generic
Plain Finish NE Steel Nylon Insert Lock Nut,fast generic 95,fast generic
Steel Thread Cutting Screw,fast generic 4,fast generic
Time Delay Power Fuse,fast generic 33,fast generic
Zinc Finish Medium Split Lock Washer,fast generic 72,fast generic
"0"" 1"" Range 0.05"", 0.025""Grad Carbide Friction Digital Outside Micrometer",fast76,fast
"0.04"" x 0.1200"" x 1 1/2"" Carbide 30 Helix 4 Flute Bright Finish Single End Square Center Cut End Mill",fast40,fast
"1 3/64"" HSS 118 Black Oxide Chicago Latrobe Silver & Deming Drill Bit",fast82,fast
"1/16"" HSS 118 Bright Finish Jobber Drill",fast17,fast
"1/2"" 2""Rgd 1/2"" 1 1/4""IMC 555Classic Elec Bender W/ShoeGroup",fast10,fast
"1/2"" Pipe Zinc Plated Anti Vibration Cush A Clamp",fast43,fast
"1/4"" 20 x 1/2"" Hex Unslotted Indented Hex Head Zinc Finish Steel External Tooth Washer SEMS Machine Screw",fast45,fast
"1/4"" 28 x 3/8"" ASTM F835 Hex Drive Black Oxide Finish Alloy Steel Button Socket Cap Screw HoloKrome USA",fast52,fast
"1/4"" 28 x 8"" Grade 5 Plain Finish Hex Cap Screw",fast63,fast
"1/4"" Dia .501 .625"" Grip Range AB8 10A Aluminum Rivet",fast80,fast
"11/32"" x 6"" OAL HSS 135 Split Point Gold Finish Extra Length Drill",fast42,fast
"2 1/2"" Galvanized Steel Rigid / IMC Coupling",fast1,fast
"2"" Male NPT x 1 1/2"" Female NPT Steel Bushing",fast86,fast
"24""W Black/Blue Plastic 3 Piece Handle Sweep Complete Broom w/Squeegee",fast78,fast
"3/8"" x 3 1/4"" Zinc Finish Clevis Pin",fast3,fast
"36""W x 24""D x 44"" Gray Steel 1200lb Capacity 6 Drawer NJ Urethane Caster Mobile Cabinet",fast20,fast
"36""W x 9 1/2""D x 1 1/4""H 12lb Wt Laminated Hard Maple Bench",fast18,fast
"4"" x 0.375"" x 5/8"", 7/8"" Wet/Dry Cut Tuck Point Diamond Saw Blade",fast73,fast
"4"" x 15/16"" Swivel Delrin Brng PU Gray/Gray Wheel 3/8"" 16 x 1 1/2"" Threaded Stem ECLIPSE Caster w/TrdLocBrk",fast36,fast
"4"" x 2"" Rigid Roller Bearing Polyurethane on Aluminum Wheel Stainless Steel 120 Series Contender Kingpinless Caster",fast14,fast
"5/8"" 5 x 3 1/2"" Grade A Zinc Finish Hex Head Lag Screw",fast99,fast
"8"" x 3"" Swivel Precision Tapered Roller Bearing Cast Iron Wheel Steel Advanced Duty Caster",fast100,fast
00MJ238,TECD23,tecd
1 HP Electric Meat Grinder,Bunzl653,Bunzl
1000225,NSIT02,nsit
12 Mil. Ambidextrous Latex Rubber Gloves,Bunzl106,Bunzl
15454 M CBL L IND,TECD04,tecd
16406,NSIT01,nsit
19269 M0008,NSIT12,nsit
3M 0004801192928692928,msm381,MSM
4010543 E5,NSIT22,nsit
4031738 E6,NSIT03,nsit
50232,NSIT14,nsit
6 Drawer NJ Urethane Caster Mobile Cabinet,fast generic 20,fast generic
65UX340C,NSIT04,nsit
7.00mm x 68mm OAL Carbide 140 TiAlN Finish Straight Flute Drill,fast71,fast
7SD7A05722,NSIT25,nsit
840397 B21?LA,TECD21,tecd
A25641128,sku953,Zoro
A8E64AAE,NSIT09,nsit
ACP EP Memory ADD SC LC 2M6MMF,CNXN19,cnxn
ACP EP Memory SFP SX AU AO,CNXN18,cnxn
AUDIOCODES MSWSBC/L REMT IMPL,CDW21,cdw
Adobe 47060202AE01A00,CDW07,cdw
Adobe 65270367BC04A12 36,CDW09,cdw
Adobe 65270553BA03A12 13,CDW20,cdw
Advanced Solar Powered Portion Control Stainless...,Bunzl424,Bunzl
Advantus 83700,PCMI06,pcmi
Alemite 6304 B,msm4,MSM
Alpet E3 Waterless Hand Sanitizer,Bunzl001,Bunzl
Ansell 29 Mil. Latex Rubber Gloves,Bunzl055,Bunzl
Apple Z0TD 1.3 8256RGLD OB,PCMI01,pcmi
Apple MQ052LL/A,CNXN10,cnxn
Armstrong null,hdss459,hdss
Asus PCE AC55BTB1,CNXN25,cnxn
Avaya AH2735012 3.1,CDW14,cdw
Axiom 44V2029 AX,CNXN13,cnxn
Axiom AXD PE50072SG,CNXN12,cnxn
Axiom EW3F0000235 AX,CNXN06,cnxn
Axiom IBMSSDT400A AXA,CNXN22,cnxn
Axiom Memory 10GSFPPUSR8E AX,PCMI03,pcmi
Axiom Memory AXG94361,PCMI21,pcmi
Axiom Memory I210T1 AX,PCMI22,pcmi
B4U39AT TRI,NSIT15,nsit
BD365A,TECD09,tecd
BD534AAE,TECD15,tecd
BECK 330043407,sku1472,Zoro
BL544AR,NSIT07,nsit
BLACK DECKER CS1216,sku1670,Zoro
BOSTITCH 103761,sku2176,Zoro
BRADY B33 113 427,sku5139,Zoro
BRTHL3180CDW,esnd814,esnd
BRTMX4000,esnd139,esnd
BRTTC20Z1,esnd401,esnd
BSXC187236L,esnd616,esnd
BX1100U LM?LA,TECD25,tecd
Belkin B2B124,CNXN15,cnxn
BenQ GSR,PCMI14,pcmi
Black Box C5EPC70S GN 02,CNXN14,cnxn
Black Box C6APC80S RD 10,CNXN24,cnxn
Black Box CAT5EPC B 005 BK,CNXN01,cnxn
Black Box Corporation JPM407A R5,PCMI09,pcmi
Black EVNSL54 0015,CDW13,cdw
Black FOSM 001M LCLC,CDW02,cdw
Bosch 15280,sku10391,AZO
Brennan N2404 16 12 SS,msm130,MSM
Bright Finish Jobber Drill,fast generic 70,fast generic
Brine Tester,Bunzl625,Bunzl
Brite Stainless Steel Polish Aerosol 16 oz.,Bunzl558,Bunzl
C2G 00938,PCMI24,pcmi
C2G 34967,PCMI16,pcmi
C2G 37939,PCMI20,pcmi
C5ENB G10 AX,TECD10,tecd
CA1350 VICTOR Superrange II Cutting Attachment,fast34,fast
CC640WL?LA,TECD08,tecd
CDC3320000514EA,esnd215,esnd
CF 33AFSLZVM,TECD07,tecd
CITRIX 3007020 EZ,CDW08,cdw
CLE LINE C18645,sku4065,Zoro
CON SAS 95298200,TECD11,tecd
CON SSSNP SMS 1,TECD12,tecd
CORTINA 03 500 66,sku2306,Zoro
CRD17601,esnd192,esnd
CROSBY 1037274,sku1467,Zoro
Carbide Finish Screw Machine Drill,fast generic 59,fast generic
Carbon Steel Plain Finish Taper Pin,fast generic 39,fast generic
Center Punch Preformed Hose Clamp,fast generic 48,fast generic
Champion 437908,hdss895,hdss
Champion null,hdss345,hdss
Compulocks 101W912SGEW,CNXN04,cnxn
Conair SHV1,PCMI04,pcmi
Coolant Thru 5xD HP Carbide Drill Bit,fast generic 60,fast generic
Covercraft C13690TS,sku10495,AZO
Cutler Hammer BR816L125RP,hdss357,hdss
DAYTON 7AK90,sku146,Zoro
DURPRCA5B1,esnd024,esnd
Dayco E72425,sku10243,AZO
Delphi DFG0008,sku10079,AZO
Design House 523514,hdss429,hdss
Dorman 38431,sku10865,AZO
Dorman 752 014,sku10914,AZO
Dorman 80863,sku10181,AZO
Dupli Color BTY1623,sku10098,AZO
Duracell MN14RT8Z,CDW17,cdw
Duralast 85045,sku10176,AZO
Duralast 88940,sku10666,AZO
Duralast DLG19406,sku10738,AZO
Duralast SU12403,sku10497,AZO
E Net SFC2 CISW 3M ENC,CNXN21,cnxn
EKL13609,esnd560,esnd
ELO Touch Solutions E222373,CNXN07,cnxn
ESXHDH40CLR,esnd203,esnd
ETP A 004999 USG3Y,NSIT17,nsit
Eco Products EP P016PK,PCMI19,pcmi
Everco 56779,sku10885,AZO
FAO5933,esnd864,esnd
FC 10 00202 114 02 1,NSIT19,nsit
FC10 00036 950 02 60,NSIT21,nsit
FOLLETT ICE PI500496,sku5600,Zoro
Fargo Electronics 45200,CNXN23,cnxn
Felpro 60536,sku10785,AZO
Forcepoint AEME B CP60 N,CDW10,cdw
Freezer Masking Tape,Bunzl587,Bunzl
Frigidaire FFEF3013LS,hdss734,hdss
Frigidaire null,hdss332,hdss
G Technology 0G03594,CNXN20,cnxn
Giesser Messer Breaking Knives,Bunzl135,Bunzl
Glaze Lemon Furniture Polish Aerosol 20 oz.,Bunzl531,Bunzl
Grade A Zinc Finish Hex Bolt,fast generic 81,fast generic
Greener Painter's Masking Tape,fast generic 50,fast generic
Grip Range AB8 10A Aluminum Rivet,fast generic 80,fast generic
H1DY5E?LA,TECD20,tecd
H1K91A5 WLC,TECD05,tecd
H2YE4E?LA,TECD02,tecd
H8B35A3 SD1,TECD14,tecd
H8B35A3 YQ4,TECD18,tecd
HAM103325CT,esnd537,esnd
HD Supply 893730,hdss223,hdss
HD Supply HD511420,hdss011,hdss
HD Supply null,hdss246,hdss
HON626CNL,esnd498,esnd
HPE P9L16A,CDW15,cdw
HPE U3BM3E,CDW05,cdw
HPE U3JG3E,CDW11,cdw
HPE U3XK9E,CDW23,cdw
HPE U4HH8E,CDW18,cdw
HSR A2AEC 1DUT0 C1S,TECD06,tecd
Hawk HK5078.662Z,sku10319,AZO
Heavyweight Knit Glove with Gold Wristband,Bunzl308,Bunzl
Hertel 733438169932,msm926,MSM
Hitachi GST 0J43103,PCMI25,pcmi
Hitachi TPS0001,sku10205,AZO
Hy Ko 23008,hdss253,hdss
Hypertech 121452,sku10880,AZO
I9 Series Gloss Black Frame/Silver Mirror Anti Scratch Lens Body Guard Safety Glasses,fast68,fast
Import 1740,msm85,MSM
Ingersoll Rand L5110,msm669,MSM
Insulated PVC Gloves,Bunzl301,Bunzl
Interstate 590,msm814,MSM
KVR16N11S6/2,TECD03,tecd
KYB 343159,sku10381,AZO
Kichler 300178MDW,hdss311,hdss
Kidde I2060,hdss620,hdss
Kingston D1G72KL110,PCMI05,pcmi
Kwikset 82734 001/2734 0,hdss104,hdss
LISTA HS0750 0505FA M/LG,sku5588,Zoro
LITGWZF1EI1RE3YRMI,NSIT13,nsit
Leggs Mesquite Marinade 142 10 oz. Bag,Bunzl425,Bunzl
Leggs Sage & Citrus Marinade 167 11.5 oz...,Bunzl418,Bunzl
Lenovo 20FB005SUS,CDW01,cdw
Lever Operated GSO Tape Dispenser,Bunzl576,Bunzl
Lexmark 40X5142,CDW03,cdw
MC Y CP03 N,NSIT08,nsit
MGE T CDR TWY SB 1CT,PCMI23,pcmi
MLNCA281S,esnd225,esnd
Made in USA 1899,msm621,MSM
Made in USA 2958,msm86,MSM
Made in USA 4080,msm958,MSM
Made in USA FJF214,msm547,MSM
Makita BHX2500CA,msm412,MSM
McAfee WFEYFM AA JA,CDW25,cdw
Microsoft WA5 00249,PCMI07,pcmi
Microsoft 126 00159 3,CDW16,cdw
Microsoft AAA 03874 CD5 3,CDW24,cdw
Milwaukee Tool 48 39 0531,msm137,MSM
Mitutoyo 572 213 10,msm780,MSM
NES35170BX,esnd620,esnd
NETPATIBLES 67Y1389 NPM,PCMI11,pcmi
NIBCO 5800 4,msm966,MSM
Narrow Cut Blade for OEM Cryovac,Bunzl170,Bunzl
Nifty 165348022,sku10507,AZO
Norton 4061,hdss037,hdss
ONS SC 10G ZR AO,TECD16,tecd
OSG 86332605510,msm998,MSM
Otter Products 77 54089,CNXN17,cnxn
P VASENT VS P0000 UD,NSIT11,nsit
PCTY6050H,esnd982,esnd
PLANO MOLDING 917 003,sku5867,Zoro
Panasonic TH 50BF1U,PCMI12,pcmi
Peachtree null,hdss078,hdss
Peachtree null,hdss081,hdss
Peachtree null,hdss465,hdss
Peachtree null,hdss650,hdss
Philips 10.5T8/36 3000 IF 10/1,hdss020,hdss
Phillips Drive Flat Head Stainless steel sheet metal screw,fast generic 38,fast generic
Pilot Corporation Of America 26063DZ,PCMI10,pcmi
Plain Finish 3 Prong Tee Nut,fast generic 65,fast generic
Precision Tapered Roller Metal Wheel,fast generic 47,fast generic
QUA41967,esnd739,esnd
QUA50560,esnd316,esnd
Quantum LSC33 CSE1 L6JA,PCMI08,pcmi
RCP295700GY,esnd425,esnd
RED23L119,esnd491,esnd
REMCO Colored Plastic Scrapers,Bunzl137,Bunzl
RFPC21845,esnd343,esnd
RKLCDBKT,TECD01,tecd
RPS16DC I,NSIT24,nsit
RULAND MANUFACTURING FSMR32 12 8 SS,sku4972,Zoro
Rare 19482,sku10693,AZO
Rare 20453,sku10216,AZO
Raritan Computer RUST LM304,PCMI18,pcmi
Rein BKN0088R,sku10345,AZO
Ricoh 408116,CDW19,cdw
Rubbermaid Food Storage Containers,Bunzl123,Bunzl
Rubbermaid Premier Small Capacity Storage...,Bunzl117,Bunzl
SAF3275BL,esnd520,esnd
SAN80078,esnd722,esnd
SANDVIK COROMANT C3 R825A AAB106A,sku5391,Zoro
SANDVIK COROMANT C4 391.14 16 070,sku4968,Zoro
SANDVIK COROMANT CXS 06G198 6215L 1025,sku3722,Zoro
SASCLTK406S,esnd893,esnd
SB 4140 0625 04 11,sku683,Zoro
SFEI0CNAA,NSIT10,nsit
SMC PNEUMATICS MXH20 50Z,msm786,MSM
SMD17434,esnd487,esnd
SPA 2X1GE SYNCE RF,TECD24,tecd
SPI 1852,msm700,MSM
SQUARE D 9007C66B1S22,sku5308,Zoro
ST1000VX003,NSIT05,nsit
STARRETT 98 4,sku4193,Zoro
Samsung EO BG925CSEGUS,CNXN16,cnxn
Samsung F HUB US 2,CDW04,cdw
Samsung XNV 6010,CNXN11,cnxn
Santech MT2276,sku10406,AZO
Shepherd 3254MW,hdss032,hdss
Shield Security 889165,hdss916,hdss
Smokesticks Bell Shaped Stainless Steel,Bunzl649,Bunzl
SolarWinds 3054,CDW12,cdw
Square D 9013FHG44J59M1X,msm164,MSM
Stainless Steel American Calibration Weight Set,Bunzl013,Bunzl
Stainless Steel Driver Stud,fast generic 19,fast generic
Stainless Steel Drum Dolly,Bunzl336,Bunzl
StarTech.com ST4300MINU3W,CNXN08,cnxn
StarTech.com USB2C5C4M,CNXN09,cnxn
Steel Precision Ground Flat Stock,fast generic 66,fast generic
Stud Non Insulated Brazed Seam Block Fork Terminal,fast generic 11,fast generic
Sumitomo 191R292VNMG332ENZ AC420K,msm355,MSM
Sumitomo 19DYWECVBMT332ESU AC700G,msm309,MSM
TOWNSTEEL FME 2030 RFID G 626,sku4949,Zoro
TPRN0030,NSIT20,nsit
TRIM LOK INC X113HT 25,sku5689,Zoro
TRIPP LITE W05 EW1 247,sku5616,Zoro
Telemecanique Sensors XCMD2525L1,msm857,MSM
ToteAll 2000 Imprinted Poly Boxes,Bunzl631,Bunzl
Tray Turnabout Truck,fast generic 46,fast generic
Tripp Lite APS2448UL,PCMI17,pcmi
Tripp Lite P005 002 AWH,CNXN03,cnxn
Tubular Elastic Bandage Roll,Bunzl509,Bunzl
U17244.025.0037,sku500,Zoro
U7VY9E,NSIT06,nsit
U8A74E,TECD17,tecd
Ubiquiti Networks AM V5G TI,PCMI13,pcmi
Ubiquiti Networks LBE 5AC 16 120 US,CNXN05,cnxn
Urban Armor Gear 10UNIVTAB BK,CNXN02,cnxn
V11H562020?LA,TECD19,tecd
V7CAT7FSTP 3M GRY 1N,NSIT16,nsit
VDX60 SVL 4P 3,NSIT23,nsit
VMware VF TCSE G TLSS T2C,CDW22,cdw
VNE TE7RWWCS6L2.0X1,msm464,MSM
VXI203365,esnd059,esnd
Von Duprin 98EO 4 32D,hdss456,hdss
WACOM CTH690TKCAN EDU,CDW06,cdw
WIEGMANN HS444NK,sku4312,Zoro
Watco 948700 PP BZ G 2P,hdss495,hdss
Wearwell 4141516X3X31BY4,msm725,MSM
WeatherTech 72710,sku10165,AZO
Welded Aluminum 18 Tote Dolly,Bunzl046,Bunzl
Westin 72 35494,sku10875,AZO
Wilton 14228403,msm588,MSM
XLERATOR 89S,hdss712,hdss
XR NC55 PK9 06.03,TECD22,tecd
XTRCMSSM M 02,NSIT18,nsit
ZGAMP3 BL0,TECD13,tecd
ZURN INDUSTRIES PERK6000 SCR,sku3772,Zoro
Zebra Technologies 02000CT11007,PCMI02,pcmi
Zebra Technologies 03200GS06407,PCMI15,pcmi
